Entity,Code,Year,variable,value
Afghanistan,AFG,2020,Other,0
Africa,,2020,Other,0
Albania,ALB,2020,Other,0
Algeria,DZA,2020,Other,0
Andorra,AND,2020,Other,0
Angola,AGO,2020,Other,0
Anguilla,AIA,2020,Other,0
Antarctica,ATA,2020,Other,0
Antigua and Barbuda,ATG,2020,Other,0
Argentina,ARG,2020,Other,0
Armenia,ARM,2020,Other,0
Aruba,ABW,2020,Other,0
Asia,,2020,Other,200350998
Asia (excl. China & India),,2020,Other,28812115
Australia,AUS,2020,Other,3894876
Austria,AUT,2020,Other,1162217
Azerbaijan,AZE,2020,Other,0
Bahamas,BHS,2020,Other,0
Bahrain,BHR,2020,Other,0
Bangladesh,BGD,2020,Other,0
Barbados,BRB,2020,Other,0
Belarus,BLR,2020,Other,992174
Belgium,BEL,2020,Other,1862634
Belize,BLZ,2020,Other,0
Benin,BEN,2020,Other,0
Bermuda,BMU,2020,Other,0
Bhutan,BTN,2020,Other,0
Bolivia,BOL,2020,Other,0
Bonaire Sint Eustatius and Saba,BES,2020,Other,0
Bosnia and Herzegovina,BIH,2020,Other,0
Botswana,BWA,2020,Other,0
Brazil,BRA,2020,Other,6392000
British Virgin Islands,VGB,2020,Other,0
Brunei,BRN,2020,Other,0
Bulgaria,BGR,2020,Other,1198143
Burkina Faso,BFA,2020,Other,0
Burundi,BDI,2020,Other,0
Cambodia,KHM,2020,Other,0
Cameroon,CMR,2020,Other,0
Canada,CAN,2020,Other,2094192
Cape Verde,CPV,2020,Other,0
Central African Republic,CAF,2020,Other,0
Chad,TCD,2020,Other,0
Chile,CHL,2020,Other,0
China,CHN,2020,Other,171538883
Christmas Island,CXR,2020,Other,0
Colombia,COL,2020,Other,0
Comoros,COM,2020,Other,0
Congo,COG,2020,Other,0
Cook Islands,COK,2020,Other,0
Costa Rica,CRI,2020,Other,0
Cote d'Ivoire,CIV,2020,Other,0
Croatia,HRV,2020,Other,144209
Cuba,CUB,2020,Other,0
Curacao,CUW,2020,Other,0
Cyprus,CYP,2020,Other,25176
Czechia,CZE,2020,Other,1301816
Democratic Republic of Congo,COD,2020,Other,0
Denmark,DNK,2020,Other,328252
Djibouti,DJI,2020,Other,0
Dominica,DMA,2020,Other,0
Dominican Republic,DOM,2020,Other,0
Ecuador,ECU,2020,Other,0
Egypt,EGY,2020,Other,0
El Salvador,SLV,2020,Other,0
Equatorial Guinea,GNQ,2020,Other,0
Eritrea,ERI,2020,Other,0
Estonia,EST,2020,Other,79203
Eswatini,SWZ,2020,Other,0
Ethiopia,ETH,2020,Other,0
Europe,,2020,Other,60967273
Europe (excl. EU-27),,2020,Other,24314343
Europe (excl. EU-28),,2020,Other,21006252
European Union (27),,2020,Other,36652930
European Union (28),,2020,Other,39961021
Faeroe Islands,FRO,2020,Other,0
Fiji,FJI,2020,Other,0
Finland,FIN,2020,Other,585986
France,FRA,2020,Other,4018853
French Equatorial Africa,,2020,Other,0
French Guiana,GUF,2020,Other,0
French Polynesia,PYF,2020,Other,0
French West Africa,,2020,Other,0
Gabon,GAB,2020,Other,0
Gambia,GMB,2020,Other,0
Georgia,GEO,2020,Other,0
Germany,DEU,2020,Other,8514916
Ghana,GHA,2020,Other,0
Greece,GRC,2020,Other,571265
Greenland,GRL,2020,Other,0
Grenada,GRD,2020,Other,0
Guadeloupe,GLP,2020,Other,0
Guatemala,GTM,2020,Other,0
Guinea,GIN,2020,Other,0
Guinea-Bissau,GNB,2020,Other,0
Guyana,GUY,2020,Other,0
Haiti,HTI,2020,Other,0
High-income countries,,2020,Other,87612507
Honduras,HND,2020,Other,0
Hong Kong,HKG,2020,Other,0
Hungary,HUN,2020,Other,543644
Iceland,ISL,2020,Other,6602
India,IND,2020,Other,0
Indonesia,IDN,2020,Other,0
International transport,,2020,Other,0
Iran,IRN,2020,Other,0
Iraq,IRQ,2020,Other,0
Ireland,IRL,2020,Other,508972
Israel,ISR,2020,Other,0
Italy,ITA,2020,Other,3054815
Jamaica,JAM,2020,Other,0
Japan,JPN,2020,Other,8102052
Jordan,JOR,2020,Other,0
Kazakhstan,KAZ,2020,Other,2978235
Kenya,KEN,2020,Other,0
Kiribati,KIR,2020,Other,0
Kosovo,OWID_KOS,2020,Other,0
Kuwait,KWT,2020,Other,0
Kuwaiti Oil Fires,,2020,Other,0
Kyrgyzstan,KGZ,2020,Other,0
Laos,LAO,2020,Other,0
Latvia,LVA,2020,Other,54004
Lebanon,LBN,2020,Other,0
Leeward Islands,,2020,Other,0
Lesotho,LSO,2020,Other,0
Liberia,LBR,2020,Other,0
Libya,LBY,2020,Other,0
Liechtenstein,LIE,2020,Other,0
Lithuania,LTU,2020,Other,36609
Low-income countries,,2020,Other,0
Lower-middle-income countries,,2020,Other,2697166
Luxembourg,LUX,2020,Other,78527
Macao,MAC,2020,Other,0
Madagascar,MDG,2020,Other,0
Malawi,MWI,2020,Other,0
Malaysia,MYS,2020,Other,0
Maldives,MDV,2020,Other,0
Mali,MLI,2020,Other,0
Malta,MLT,2020,Other,183
Marshall Islands,MHL,2020,Other,0
Martinique,MTQ,2020,Other,0
Mauritania,MRT,2020,Other,0
Mauritius,MUS,2020,Other,0
Mayotte,MYT,2020,Other,0
Mexico,MEX,2020,Other,0
Micronesia (country),FSM,2020,Other,0
Moldova,MDA,2020,Other,0
Mongolia,MNG,2020,Other,0
Montenegro,MNE,2020,Other,0
Montserrat,MSR,2020,Other,0
Morocco,MAR,2020,Other,0
Mozambique,MOZ,2020,Other,0
Myanmar,MMR,2020,Other,0
Namibia,NAM,2020,Other,0
Nauru,NRU,2020,Other,0
Nepal,NPL,2020,Other,0
Netherlands,NLD,2020,Other,1167328
New Caledonia,NCL,2020,Other,0
New Zealand,NZL,2020,Other,755808
Nicaragua,NIC,2020,Other,0
Niger,NER,2020,Other,0
Nigeria,NGA,2020,Other,0
Niue,NIU,2020,Other,0
North America,,2020,Other,25385071
North America (excl. USA),,2020,Other,2094192
North Korea,PRK,2020,Other,0
North Macedonia,MKD,2020,Other,0
Norway,NOR,2020,Other,383637
Oceania,,2020,Other,4650684
Oman,OMN,2020,Other,0
Pakistan,PAK,2020,Other,0
Palau,PLW,2020,Other,0
Palestine,PSE,2020,Other,0
Panama,PAN,2020,Other,0
Panama Canal Zone,,2020,Other,0
Papua New Guinea,PNG,2020,Other,0
Paraguay,PRY,2020,Other,0
Peru,PER,2020,Other,0
Philippines,PHL,2020,Other,0
Poland,POL,2020,Other,4867296
Portugal,PRT,2020,Other,906547
Puerto Rico,PRI,2020,Other,0
Qatar,QAT,2020,Other,0
Reunion,REU,2020,Other,0
Romania,ROU,2020,Other,1175876
Russia,RUS,2020,Other,16757274
Rwanda,RWA,2020,Other,0
Ryukyu Islands,,2020,Other,0
Saint Helena,SHN,2020,Other,0
Saint Kitts and Nevis,KNA,2020,Other,0
Saint Lucia,LCA,2020,Other,0
Saint Pierre and Miquelon,SPM,2020,Other,0
Saint Vincent and the Grenadines,VCT,2020,Other,0
Samoa,WSM,2020,Other,0
Sao Tome and Principe,STP,2020,Other,0
Saudi Arabia,SAU,2020,Other,0
Senegal,SEN,2020,Other,0
Serbia,SRB,2020,Other,0
Seychelles,SYC,2020,Other,0
Sierra Leone,SLE,2020,Other,0
Singapore,SGP,2020,Other,0
Sint Maarten (Dutch part),SXM,2020,Other,0
Slovakia,SVK,2020,Other,892703
Slovenia,SVN,2020,Other,105873
Solomon Islands,SLB,2020,Other,0
Somalia,SOM,2020,Other,0
South Africa,ZAF,2020,Other,0
South America,,2020,Other,6392000
South Korea,KOR,2020,Other,10303060
South Sudan,SSD,2020,Other,0
Spain,ESP,2020,Other,2942428
Sri Lanka,LKA,2020,Other,0
St. Kitts-Nevis-Anguilla,,2020,Other,0
Sudan,SDN,2020,Other,0
Suriname,SUR,2020,Other,0
Sweden,SWE,2020,Other,525455
Switzerland,CHE,2020,Other,169399
Syria,SYR,2020,Other,0
Taiwan,TWN,2020,Other,1025000
Tajikistan,TJK,2020,Other,0
Tanzania,TZA,2020,Other,0
Thailand,THA,2020,Other,0
Timor,TLS,2020,Other,0
Togo,TGO,2020,Other,0
Tonga,TON,2020,Other,0
Trinidad and Tobago,TTO,2020,Other,0
Tunisia,TUN,2020,Other,0
Turkey,TUR,2020,Other,6403768
Turkmenistan,TKM,2020,Other,0
Turks and Caicos Islands,TCA,2020,Other,0
Tuvalu,TUV,2020,Other,0
Uganda,UGA,2020,Other,0
Ukraine,UKR,2020,Other,2697166
United Arab Emirates,ARE,2020,Other,0
United Kingdom,GBR,2020,Other,3308091
United States,USA,2020,Other,23290879
Upper-middle-income countries,,2020,Other,207436353
Uruguay,URY,2020,Other,0
Uzbekistan,UZB,2020,Other,0
Vanuatu,VUT,2020,Other,0
Venezuela,VEN,2020,Other,0
Vietnam,VNM,2020,Other,0
Wallis and Futuna,WLF,2020,Other,0
World,OWID_WRL,2020,Other,297746026
Yemen,YEM,2020,Other,0
Zambia,ZMB,2020,Other,0
Zimbabwe,ZWE,2020,Other,0
Afghanistan,AFG,2020,Flaring,0
Africa,,2020,Flaring,44458976
Albania,ALB,2020,Flaring,0
Algeria,DZA,2020,Flaring,5598592
Andorra,AND,2020,Flaring,0
Angola,AGO,2020,Flaring,7866608
Anguilla,AIA,2020,Flaring,0
Antarctica,ATA,2020,Flaring,0
Antigua and Barbuda,ATG,2020,Flaring,0
Argentina,ARG,2020,Flaring,1846656
Armenia,ARM,2020,Flaring,0
Aruba,ABW,2020,Flaring,0
Asia,,2020,Flaring,141587510
Asia (excl. China & India),,2020,Flaring,139909398
Australia,AUS,2020,Flaring,20341170
Austria,AUT,2020,Flaring,118252
Azerbaijan,AZE,2020,Flaring,2667392
Bahamas,BHS,2020,Flaring,0
Bahrain,BHR,2020,Flaring,0
Bangladesh,BGD,2020,Flaring,0
Barbados,BRB,2020,Flaring,0
Belarus,BLR,2020,Flaring,1512
Belgium,BEL,2020,Flaring,116104
Belize,BLZ,2020,Flaring,0
Benin,BEN,2020,Flaring,0
Bermuda,BMU,2020,Flaring,0
Bhutan,BTN,2020,Flaring,0
Bolivia,BOL,2020,Flaring,153888
Bonaire Sint Eustatius and Saba,BES,2020,Flaring,0
Bosnia and Herzegovina,BIH,2020,Flaring,0
Botswana,BWA,2020,Flaring,0
Brazil,BRA,2020,Flaring,17505000
British Virgin Islands,VGB,2020,Flaring,0
Brunei,BRN,2020,Flaring,663184
Bulgaria,BGR,2020,Flaring,826916
Burkina Faso,BFA,2020,Flaring,0
Burundi,BDI,2020,Flaring,0
Cambodia,KHM,2020,Flaring,0
Cameroon,CMR,2020,Flaring,0
Canada,CAN,2020,Flaring,15947371
Cape Verde,CPV,2020,Flaring,0
Central African Republic,CAF,2020,Flaring,0
Chad,TCD,2020,Flaring,0
Chile,CHL,2020,Flaring,29312
China,CHN,2020,Flaring,0
Christmas Island,CXR,2020,Flaring,0
Colombia,COL,2020,Flaring,959968
Comoros,COM,2020,Flaring,0
Congo,COG,2020,Flaring,0
Cook Islands,COK,2020,Flaring,0
Costa Rica,CRI,2020,Flaring,0
Cote d'Ivoire,CIV,2020,Flaring,0
Croatia,HRV,2020,Flaring,203658
Cuba,CUB,2020,Flaring,0
Curacao,CUW,2020,Flaring,0
Cyprus,CYP,2020,Flaring,0
Czechia,CZE,2020,Flaring,81309
Democratic Republic of Congo,COD,2020,Flaring,0
Denmark,DNK,2020,Flaring,194669
Djibouti,DJI,2020,Flaring,0
Dominica,DMA,2020,Flaring,0
Dominican Republic,DOM,2020,Flaring,0
Ecuador,ECU,2020,Flaring,1245760
Egypt,EGY,2020,Flaring,0
El Salvador,SLV,2020,Flaring,0
Equatorial Guinea,GNQ,2020,Flaring,5818432
Eritrea,ERI,2020,Flaring,0
Estonia,EST,2020,Flaring,31
Eswatini,SWZ,2020,Flaring,0
Ethiopia,ETH,2020,Flaring,0
Europe,,2020,Flaring,76214274
Europe (excl. EU-27),,2020,Flaring,55495655
Europe (excl. EU-28),,2020,Flaring,50991252
European Union (27),,2020,Flaring,20718619
European Union (28),,2020,Flaring,25223022
Faeroe Islands,FRO,2020,Flaring,0
Fiji,FJI,2020,Flaring,0
Finland,FIN,2020,Flaring,65189
France,FRA,2020,Flaring,2529493
French Equatorial Africa,,2020,Flaring,0
French Guiana,GUF,2020,Flaring,0
French Polynesia,PYF,2020,Flaring,0
French West Africa,,2020,Flaring,0
Gabon,GAB,2020,Flaring,1626816
Gambia,GMB,2020,Flaring,0
Georgia,GEO,2020,Flaring,0
Germany,DEU,2020,Flaring,2017377
Ghana,GHA,2020,Flaring,399376
Greece,GRC,2020,Flaring,9042
Greenland,GRL,2020,Flaring,0
Grenada,GRD,2020,Flaring,0
Guadeloupe,GLP,2020,Flaring,0
Guatemala,GTM,2020,Flaring,0
Guinea,GIN,2020,Flaring,0
Guinea-Bissau,GNB,2020,Flaring,0
Guyana,GUY,2020,Flaring,0
Haiti,HTI,2020,Flaring,0
High-income countries,,2020,Flaring,155744938
Honduras,HND,2020,Flaring,0
Hong Kong,HKG,2020,Flaring,0
Hungary,HUN,2020,Flaring,134290
Iceland,ISL,2020,Flaring,163106
India,IND,2020,Flaring,1678112
Indonesia,IDN,2020,Flaring,11090928
International transport,,2020,Flaring,0
Iran,IRN,2020,Flaring,60225168
Iraq,IRQ,2020,Flaring,32316480
Ireland,IRL,2020,Flaring,276
Israel,ISR,2020,Flaring,0
Italy,ITA,2020,Flaring,2756726
Jamaica,JAM,2020,Flaring,0
Japan,JPN,2020,Flaring,393235
Jordan,JOR,2020,Flaring,0
Kazakhstan,KAZ,2020,Flaring,14621754
Kenya,KEN,2020,Flaring,0
Kiribati,KIR,2020,Flaring,0
Kosovo,OWID_KOS,2020,Flaring,0
Kuwait,KWT,2020,Flaring,1729408
Kuwaiti Oil Fires,,2020,Flaring,0
Kyrgyzstan,KGZ,2020,Flaring,0
Laos,LAO,2020,Flaring,0
Latvia,LVA,2020,Flaring,10
Lebanon,LBN,2020,Flaring,0
Leeward Islands,,2020,Flaring,0
Lesotho,LSO,2020,Flaring,0
Liberia,LBR,2020,Flaring,0
Libya,LBY,2020,Flaring,7522192
Liechtenstein,LIE,2020,Flaring,0
Lithuania,LTU,2020,Flaring,233942
Low-income countries,,2020,Flaring,1670784
Lower-middle-income countries,,2020,Flaring,104994723
Luxembourg,LUX,2020,Flaring,41
Macao,MAC,2020,Flaring,0
Madagascar,MDG,2020,Flaring,0
Malawi,MWI,2020,Flaring,0
Malaysia,MYS,2020,Flaring,8914512
Maldives,MDV,2020,Flaring,0
Mali,MLI,2020,Flaring,0
Malta,MLT,2020,Flaring,0
Marshall Islands,MHL,2020,Flaring,0
Martinique,MTQ,2020,Flaring,0
Mauritania,MRT,2020,Flaring,0
Mauritius,MUS,2020,Flaring,0
Mayotte,MYT,2020,Flaring,0
Mexico,MEX,2020,Flaring,0
Micronesia (country),FSM,2020,Flaring,0
Moldova,MDA,2020,Flaring,0
Mongolia,MNG,2020,Flaring,0
Montenegro,MNE,2020,Flaring,0
Montserrat,MSR,2020,Flaring,0
Morocco,MAR,2020,Flaring,0
Mozambique,MOZ,2020,Flaring,0
Myanmar,MMR,2020,Flaring,0
Namibia,NAM,2020,Flaring,0
Nauru,NRU,2020,Flaring,0
Nepal,NPL,2020,Flaring,0
Netherlands,NLD,2020,Flaring,1049261
New Caledonia,NCL,2020,Flaring,0
New Zealand,NZL,2020,Flaring,1020864
Nicaragua,NIC,2020,Flaring,0
Niger,NER,2020,Flaring,0
Nigeria,NGA,2020,Flaring,15348496
Niue,NIU,2020,Flaring,0
North America,,2020,Flaring,100457096
North America (excl. USA),,2020,Flaring,15947371
North Korea,PRK,2020,Flaring,0
North Macedonia,MKD,2020,Flaring,0
Norway,NOR,2020,Flaring,1676184
Oceania,,2020,Flaring,21362034
Oman,OMN,2020,Flaring,3059440
Pakistan,PAK,2020,Flaring,0
Palau,PLW,2020,Flaring,0
Palestine,PSE,2020,Flaring,0
Panama,PAN,2020,Flaring,0
Panama Canal Zone,,2020,Flaring,0
Papua New Guinea,PNG,2020,Flaring,0
Paraguay,PRY,2020,Flaring,0
Peru,PER,2020,Flaring,201520
Philippines,PHL,2020,Flaring,0
Poland,POL,2020,Flaring,4344176
Portugal,PRT,2020,Flaring,1133223
Puerto Rico,PRI,2020,Flaring,0
Qatar,QAT,2020,Flaring,1154160
Reunion,REU,2020,Flaring,0
Romania,ROU,2020,Flaring,591792
Russia,RUS,2020,Flaring,46762006
Rwanda,RWA,2020,Flaring,0
Ryukyu Islands,,2020,Flaring,0
Saint Helena,SHN,2020,Flaring,0
Saint Kitts and Nevis,KNA,2020,Flaring,0
Saint Lucia,LCA,2020,Flaring,0
Saint Pierre and Miquelon,SPM,2020,Flaring,0
Saint Vincent and the Grenadines,VCT,2020,Flaring,0
Samoa,WSM,2020,Flaring,0
Sao Tome and Principe,STP,2020,Flaring,0
Saudi Arabia,SAU,2020,Flaring,95264
Senegal,SEN,2020,Flaring,0
Serbia,SRB,2020,Flaring,0
Seychelles,SYC,2020,Flaring,0
Sierra Leone,SLE,2020,Flaring,0
Singapore,SGP,2020,Flaring,0
Sint Maarten (Dutch part),SXM,2020,Flaring,0
Slovakia,SVK,2020,Flaring,19100
Slovenia,SVN,2020,Flaring,124600
Solomon Islands,SLB,2020,Flaring,0
Somalia,SOM,2020,Flaring,0
South Africa,ZAF,2020,Flaring,0
South America,,2020,Flaring,50953656
South Korea,KOR,2020,Flaring,0
South Sudan,SSD,2020,Flaring,0
Spain,ESP,2020,Flaring,3632959
Sri Lanka,LKA,2020,Flaring,0
St. Kitts-Nevis-Anguilla,,2020,Flaring,0
Sudan,SDN,2020,Flaring,0
Suriname,SUR,2020,Flaring,0
Sweden,SWE,2020,Flaring,536183
Switzerland,CHE,2020,Flaring,33353
Syria,SYR,2020,Flaring,1670784
Taiwan,TWN,2020,Flaring,0
Tajikistan,TJK,2020,Flaring,0
Tanzania,TZA,2020,Flaring,3664
Thailand,THA,2020,Flaring,0
Timor,TLS,2020,Flaring,0
Togo,TGO,2020,Flaring,0
Tonga,TON,2020,Flaring,0
Trinidad and Tobago,TTO,2020,Flaring,0
Tunisia,TUN,2020,Flaring,274800
Turkey,TUR,2020,Flaring,182841
Turkmenistan,TKM,2020,Flaring,0
Turks and Caicos Islands,TCA,2020,Flaring,0
Tuvalu,TUV,2020,Flaring,0
Uganda,UGA,2020,Flaring,0
Ukraine,UKR,2020,Flaring,2355091
United Arab Emirates,ARE,2020,Flaring,1124848
United Kingdom,GBR,2020,Flaring,4504403
United States,USA,2020,Flaring,84509725
Upper-middle-income countries,,2020,Flaring,143611549
Uruguay,URY,2020,Flaring,0
Uzbekistan,UZB,2020,Flaring,0
Vanuatu,VUT,2020,Flaring,0
Venezuela,VEN,2020,Flaring,29011552
Vietnam,VNM,2020,Flaring,0
Wallis and Futuna,WLF,2020,Flaring,0
World,OWID_WRL,2020,Flaring,435033550
Yemen,YEM,2020,Flaring,0
Zambia,ZMB,2020,Flaring,0
Zimbabwe,ZWE,2020,Flaring,0
Afghanistan,AFG,2020,Cement,60674
Africa,,2020,Cement,77025199
Albania,ALB,2020,Cement,780432
Algeria,DZA,2020,Cement,10749352
Andorra,AND,2020,Cement,0
Angola,AGO,2020,Cement,1937465
Anguilla,AIA,2020,Cement,0
Antarctica,ATA,2020,Cement,0
Antigua and Barbuda,ATG,2020,Cement,0
Argentina,ARG,2020,Cement,3649106
Armenia,ARM,2020,Cement,315130
Aruba,ABW,2020,Cement,0
Asia,,2020,Cement,1315196594
Asia (excl. China & India),,2020,Cement,334055779
Australia,AUS,2020,Cement,3024613
Austria,AUT,2020,Cement,1770523
Azerbaijan,AZE,2020,Cement,1082954
Bahamas,BHS,2020,Cement,0
Bahrain,BHR,2020,Cement,523892
Bangladesh,BGD,2020,Cement,1460656
Barbados,BRB,2020,Cement,70568
Belarus,BLR,2020,Cement,2267050
Belgium,BEL,2020,Cement,2819306
Belize,BLZ,2020,Cement,0
Benin,BEN,2020,Cement,212425
Bermuda,BMU,2020,Cement,0
Bhutan,BTN,2020,Cement,358716
Bolivia,BOL,2020,Cement,1439258
Bonaire Sint Eustatius and Saba,BES,2020,Cement,0
Bosnia and Herzegovina,BIH,2020,Cement,380556
Botswana,BWA,2020,Cement,6200
Brazil,BRA,2020,Cement,22198082
British Virgin Islands,VGB,2020,Cement,0
Brunei,BRN,2020,Cement,0
Bulgaria,BGR,2020,Cement,1127100
Burkina Faso,BFA,2020,Cement,120123
Burundi,BDI,2020,Cement,27125
Cambodia,KHM,2020,Cement,3315573
Cameroon,CMR,2020,Cement,1123730
Canada,CAN,2020,Cement,7176731
Cape Verde,CPV,2020,Cement,0
Central African Republic,CAF,2020,Cement,0
Chad,TCD,2020,Cement,135623
Chile,CHL,2020,Cement,782200
China,CHN,2020,Cement,858232613
Christmas Island,CXR,2020,Cement,0
Colombia,COL,2020,Cement,5305976
Comoros,COM,2020,Cement,0
Congo,COG,2020,Cement,449492
Cook Islands,COK,2020,Cement,0
Costa Rica,CRI,2020,Cement,736598
Cote d'Ivoire,CIV,2020,Cement,0
Croatia,HRV,2020,Cement,1184111
Cuba,CUB,2020,Cement,716110
Curacao,CUW,2020,Cement,0
Cyprus,CYP,2020,Cement,789212
Czechia,CZE,2020,Cement,1977237
Democratic Republic of Congo,COD,2020,Cement,714150
Denmark,DNK,2020,Cement,1129199
Djibouti,DJI,2020,Cement,73624
Dominica,DMA,2020,Cement,0
Dominican Republic,DOM,2020,Cement,2046968
Ecuador,ECU,2020,Cement,2287041
Egypt,EGY,2020,Cement,18134636
El Salvador,SLV,2020,Cement,387683
Equatorial Guinea,GNQ,2020,Cement,0
Eritrea,ERI,2020,Cement,108498
Estonia,EST,2020,Cement,295485
Eswatini,SWZ,2020,Cement,0
Ethiopia,ETH,2020,Cement,3603685
Europe,,2020,Cement,110112290
Europe (excl. EU-27),,2020,Cement,36795681
Europe (excl. EU-28),,2020,Cement,32347182
European Union (27),,2020,Cement,73316609
European Union (28),,2020,Cement,77765108
Faeroe Islands,FRO,2020,Cement,0
Fiji,FJI,2020,Cement,54571
Finland,FIN,2020,Cement,583481
France,FRA,2020,Cement,6585462
French Equatorial Africa,,2020,Cement,0
French Guiana,GUF,2020,Cement,0
French Polynesia,PYF,2020,Cement,0
French West Africa,,2020,Cement,0
Gabon,GAB,2020,Cement,189872
Gambia,GMB,2020,Cement,0
Georgia,GEO,2020,Cement,798333
Germany,DEU,2020,Cement,13286640
Ghana,GHA,2020,Cement,1549972
Greece,GRC,2020,Cement,3360215
Greenland,GRL,2020,Cement,0
Grenada,GRD,2020,Cement,0
Guadeloupe,GLP,2020,Cement,0
Guatemala,GTM,2020,Cement,1473197
Guinea,GIN,2020,Cement,0
Guinea-Bissau,GNB,2020,Cement,0
Guyana,GUY,2020,Cement,161670
Haiti,HTI,2020,Cement,77537
High-income countries,,2020,Cement,225113563
Honduras,HND,2020,Cement,765402
Hong Kong,HKG,2020,Cement,763225
Hungary,HUN,2020,Cement,1022863
Iceland,ISL,2020,Cement,0
India,IND,2020,Cement,122908202
Indonesia,IDN,2020,Cement,33803710
International transport,,2020,Cement,0
Iran,IRN,2020,Cement,23877199
Iraq,IRQ,2020,Cement,3492613
Ireland,IRL,2020,Cement,1892599
Israel,ISR,2020,Cement,1775491
Italy,ITA,2020,Cement,7911519
Jamaica,JAM,2020,Cement,380366
Japan,JPN,2020,Cement,25376205
Jordan,JOR,2020,Cement,1791710
Kazakhstan,KAZ,2020,Cement,3800151
Kenya,KEN,2020,Cement,2183911
Kiribati,KIR,2020,Cement,0
Kosovo,OWID_KOS,2020,Cement,333424
Kuwait,KWT,2020,Cement,1571676
Kuwaiti Oil Fires,,2020,Cement,0
Kyrgyzstan,KGZ,2020,Cement,753341
Laos,LAO,2020,Cement,1526449
Latvia,LVA,2020,Cement,561458
Lebanon,LBN,2020,Cement,2438415
Leeward Islands,,2020,Cement,0
Lesotho,LSO,2020,Cement,0
Liberia,LBR,2020,Cement,121673
Libya,LBY,2020,Cement,2402457
Liechtenstein,LIE,2020,Cement,0
Lithuania,LTU,2020,Cement,578055
Low-income countries,,2020,Cement,13094051
Lower-middle-income countries,,2020,Cement,344494453
Luxembourg,LUX,2020,Cement,394793
Macao,MAC,2020,Cement,0
Madagascar,MDG,2020,Cement,81374
Malawi,MWI,2020,Cement,89898
Malaysia,MYS,2020,Cement,12015737
Maldives,MDV,2020,Cement,0
Mali,MLI,2020,Cement,255745
Malta,MLT,2020,Cement,0
Marshall Islands,MHL,2020,Cement,0
Martinique,MTQ,2020,Cement,0
Mauritania,MRT,2020,Cement,0
Mauritius,MUS,2020,Cement,0
Mayotte,MYT,2020,Cement,0
Mexico,MEX,2020,Cement,20863904
Micronesia (country),FSM,2020,Cement,0
Moldova,MDA,2020,Cement,578408
Mongolia,MNG,2020,Cement,414482
Montenegro,MNE,2020,Cement,0
Montserrat,MSR,2020,Cement,0
Morocco,MAR,2020,Cement,5576679
Mozambique,MOZ,2020,Cement,929983
Myanmar,MMR,2020,Cement,1587507
Namibia,NAM,2020,Cement,405593
Nauru,NRU,2020,Cement,0
Nepal,NPL,2020,Cement,3434511
Netherlands,NLD,2020,Cement,6337
New Caledonia,NCL,2020,Cement,32819
New Zealand,NZL,2020,Cement,410940
Nicaragua,NIC,2020,Cement,352792
Niger,NER,2020,Cement,20150
Nigeria,NGA,2020,Cement,8137354
Niue,NIU,2020,Cement,0
North America,,2020,Cement,76869795
North America (excl. USA),,2020,Cement,36075217
North Korea,PRK,2020,Cement,2633125
North Macedonia,MKD,2020,Cement,359072
Norway,NOR,2020,Cement,721714
Oceania,,2020,Cement,3522943
Oman,OMN,2020,Cement,2095568
Pakistan,PAK,2020,Cement,15607945
Palau,PLW,2020,Cement,0
Palestine,PSE,2020,Cement,0
Panama,PAN,2020,Cement,775367
Panama Canal Zone,,2020,Cement,0
Papua New Guinea,PNG,2020,Cement,0
Paraguay,PRY,2020,Cement,408135
Peru,PER,2020,Cement,4320439
Philippines,PHL,2020,Cement,9952082
Poland,POL,2020,Cement,7692452
Portugal,PRT,2020,Cement,2225102
Puerto Rico,PRI,2020,Cement,0
Qatar,QAT,2020,Cement,2305124
Reunion,REU,2020,Cement,0
Romania,ROU,2020,Cement,3828019
Russia,RUS,2020,Cement,20306193
Rwanda,RWA,2020,Cement,145422
Ryukyu Islands,,2020,Cement,0
Saint Helena,SHN,2020,Cement,0
Saint Kitts and Nevis,KNA,2020,Cement,0
Saint Lucia,LCA,2020,Cement,0
Saint Pierre and Miquelon,SPM,2020,Cement,0
Saint Vincent and the Grenadines,VCT,2020,Cement,0
Samoa,WSM,2020,Cement,0
Sao Tome and Principe,STP,2020,Cement,0
Saudi Arabia,SAU,2020,Cement,25592905
Senegal,SEN,2020,Cement,2097112
Serbia,SRB,2020,Cement,809608
Seychelles,SYC,2020,Cement,0
Sierra Leone,SLE,2020,Cement,0
Singapore,SGP,2020,Cement,0
Sint Maarten (Dutch part),SXM,2020,Cement,0
Slovakia,SVK,2020,Cement,1404269
Slovenia,SVN,2020,Cement,477618
Solomon Islands,SLB,2020,Cement,0
Somalia,SOM,2020,Cement,0
South Africa,ZAF,2020,Cement,6009467
South America,,2020,Cement,43644144
South Korea,KOR,2020,Cement,22871408
South Sudan,SSD,2020,Cement,0
Spain,ESP,2020,Cement,9064168
Sri Lanka,LKA,2020,Cement,1084542
St. Kitts-Nevis-Anguilla,,2020,Cement,0
Sudan,SDN,2020,Cement,1555589
Suriname,SUR,2020,Cement,11830
Sweden,SWE,2020,Cement,1349386
Switzerland,CHE,2020,Cement,1732205
Syria,SYR,2020,Cement,558818
Taiwan,TWN,2020,Cement,5378000
Tajikistan,TJK,2020,Cement,1878546
Tanzania,TZA,2020,Cement,1747206
Thailand,THA,2020,Cement,15091308
Timor,TLS,2020,Cement,0
Togo,TGO,2020,Cement,868412
Tonga,TON,2020,Cement,0
Trinidad and Tobago,TTO,2020,Cement,251994
Tunisia,TUN,2020,Cement,3125275
Turkey,TUR,2020,Cement,35226775
Turkmenistan,TKM,2020,Cement,1450127
Turks and Caicos Islands,TCA,2020,Cement,0
Tuvalu,TUV,2020,Cement,0
Uganda,UGA,2020,Cement,372447
Ukraine,UKR,2020,Cement,4078520
United Arab Emirates,ARE,2020,Cement,8731532
United Kingdom,GBR,2020,Cement,4448499
United States,USA,2020,Cement,40794578
Upper-middle-income countries,,2020,Cement,1040908677
Uruguay,URY,2020,Cement,320186
Uzbekistan,UZB,2020,Cement,3529832
Vanuatu,VUT,2020,Cement,0
Venezuela,VEN,2020,Cement,2760221
Vietnam,VNM,2020,Cement,53038255
Wallis and Futuna,WLF,2020,Cement,0
World,OWID_WRL,2020,Cement,1626370966
Yemen,YEM,2020,Cement,691537
Zambia,ZMB,2020,Cement,1065993
Zimbabwe,ZWE,2020,Cement,697487
Afghanistan,AFG,2020,Gas,314185
Africa,,2020,Gas,287016466
Albania,ALB,2020,Gas,153164
Algeria,DZA,2020,Gas,88218526
Andorra,AND,2020,Gas,0
Angola,AGO,2020,Gas,1313899
Anguilla,AIA,2020,Gas,0
Antarctica,ATA,2020,Gas,0
Antigua and Barbuda,ATG,2020,Gas,0
Argentina,ARG,2020,Gas,86702093
Armenia,ARM,2020,Gas,4872736
Aruba,ABW,2020,Gas,0
Asia,,2020,Gas,2954286834
Asia (excl. China & India),,2020,Gas,2222049184
Australia,AUS,2020,Gas,80208272
Austria,AUT,2020,Gas,17036859
Azerbaijan,AZE,2020,Gas,23405295
Bahamas,BHS,2020,Gas,0
Bahrain,BHR,2020,Gas,30829802
Bangladesh,BGD,2020,Gas,59226386
Barbados,BRB,2020,Gas,54082
Belarus,BLR,2020,Gas,34006133
Belgium,BEL,2020,Gas,35469635
Belize,BLZ,2020,Gas,7166
Benin,BEN,2020,Gas,39623
Bermuda,BMU,2020,Gas,0
Bhutan,BTN,2020,Gas,0
Bolivia,BOL,2020,Gas,7690158
Bonaire Sint Eustatius and Saba,BES,2020,Gas,0
Bosnia and Herzegovina,BIH,2020,Gas,463227
Botswana,BWA,2020,Gas,0
Brazil,BRA,2020,Gas,60330589
British Virgin Islands,VGB,2020,Gas,0
Brunei,BRN,2020,Gas,7528649
Bulgaria,BGR,2020,Gas,5405136
Burkina Faso,BFA,2020,Gas,0
Burundi,BDI,2020,Gas,0
Cambodia,KHM,2020,Gas,0
Cameroon,CMR,2020,Gas,1215132
Canada,CAN,2020,Gas,219132482
Cape Verde,CPV,2020,Gas,0
Central African Republic,CAF,2020,Gas,0
Chad,TCD,2020,Gas,0
Chile,CHL,2020,Gas,10840109
China,CHN,2020,Gas,605253501
Christmas Island,CXR,2020,Gas,0
Colombia,COL,2020,Gas,24716410
Comoros,COM,2020,Gas,0
Congo,COG,2020,Gas,966719
Cook Islands,COK,2020,Gas,0
Costa Rica,CRI,2020,Gas,0
Cote d'Ivoire,CIV,2020,Gas,4247544
Croatia,HRV,2020,Gas,5435624
Cuba,CUB,2020,Gas,2113352
Curacao,CUW,2020,Gas,116484
Cyprus,CYP,2020,Gas,223
Czechia,CZE,2020,Gas,17647551
Democratic Republic of Congo,COD,2020,Gas,0
Denmark,DNK,2020,Gas,4821731
Djibouti,DJI,2020,Gas,0
Dominica,DMA,2020,Gas,0
Dominican Republic,DOM,2020,Gas,2479445
Ecuador,ECU,2020,Gas,1083022
Egypt,EGY,2020,Gas,99612723
El Salvador,SLV,2020,Gas,0
Equatorial Guinea,GNQ,2020,Gas,3516701
Eritrea,ERI,2020,Gas,0
Estonia,EST,2020,Gas,833634
Eswatini,SWZ,2020,Gas,0
Ethiopia,ETH,2020,Gas,0
Europe,,2020,Gas,1781935140
Europe (excl. EU-27),,2020,Gas,1029194413
Europe (excl. EU-28),,2020,Gas,872369149
European Union (27),,2020,Gas,752740727
European Union (28),,2020,Gas,909565991
Faeroe Islands,FRO,2020,Gas,0
Fiji,FJI,2020,Gas,0
Finland,FIN,2020,Gas,4147664
France,FRA,2020,Gas,80911084
French Equatorial Africa,,2020,Gas,0
French Guiana,GUF,2020,Gas,0
French Polynesia,PYF,2020,Gas,0
French West Africa,,2020,Gas,0
Gabon,GAB,2020,Gas,718305
Gambia,GMB,2020,Gas,3962
Georgia,GEO,2020,Gas,4770495
Germany,DEU,2020,Gas,170732906
Ghana,GHA,2020,Gas,3249054
Greece,GRC,2020,Gas,11001154
Greenland,GRL,2020,Gas,0
Grenada,GRD,2020,Gas,0
Guadeloupe,GLP,2020,Gas,0
Guatemala,GTM,2020,Gas,0
Guinea,GIN,2020,Gas,0
Guinea-Bissau,GNB,2020,Gas,0
Guyana,GUY,2020,Gas,0
Haiti,HTI,2020,Gas,0
High-income countries,,2020,Gas,3929712686
Honduras,HND,2020,Gas,0
Hong Kong,HKG,2020,Gas,9930394
Hungary,HUN,2020,Gas,20497683
Iceland,ISL,2020,Gas,227
India,IND,2020,Gas,126984149
Indonesia,IDN,2020,Gas,78477708
International transport,,2020,Gas,0
Iran,IRN,2020,Gas,434226970
Iraq,IRQ,2020,Gas,43427542
Ireland,IRL,2020,Gas,10815233
Israel,ISR,2020,Gas,19406664
Italy,ITA,2020,Gas,139950502
Jamaica,JAM,2020,Gas,212167
Japan,JPN,2020,Gas,216543705
Jordan,JOR,2020,Gas,8537545
Kazakhstan,KAZ,2020,Gas,48146429
Kenya,KEN,2020,Gas,0
Kiribati,KIR,2020,Gas,0
Kosovo,OWID_KOS,2020,Gas,0
Kuwait,KWT,2020,Gas,41447826
Kuwaiti Oil Fires,,2020,Gas,0
Kyrgyzstan,KGZ,2020,Gas,667759
Laos,LAO,2020,Gas,0
Latvia,LVA,2020,Gas,2084695
Lebanon,LBN,2020,Gas,0
Leeward Islands,,2020,Gas,0
Lesotho,LSO,2020,Gas,0
Liberia,LBR,2020,Gas,0
Libya,LBY,2020,Gas,18196285
Liechtenstein,LIE,2020,Gas,49858
Lithuania,LTU,2020,Gas,4465893
Low-income countries,,2020,Gas,9912308
Lower-middle-income countries,,2020,Gas,1218947315
Luxembourg,LUX,2020,Gas,1481417
Macao,MAC,2020,Gas,192438
Madagascar,MDG,2020,Gas,0
Malawi,MWI,2020,Gas,0
Malaysia,MYS,2020,Gas,71953911
Maldives,MDV,2020,Gas,0
Mali,MLI,2020,Gas,0
Malta,MLT,2020,Gas,701994
Marshall Islands,MHL,2020,Gas,0
Martinique,MTQ,2020,Gas,0
Mauritania,MRT,2020,Gas,0
Mauritius,MUS,2020,Gas,0
Mayotte,MYT,2020,Gas,0
Mexico,MEX,2020,Gas,146978489
Micronesia (country),FSM,2020,Gas,0
Moldova,MDA,2020,Gas,1953673
Mongolia,MNG,2020,Gas,0
Montenegro,MNE,2020,Gas,0
Montserrat,MSR,2020,Gas,0
Morocco,MAR,2020,Gas,1546239
Mozambique,MOZ,2020,Gas,1835243
Myanmar,MMR,2020,Gas,10104964
Namibia,NAM,2020,Gas,0
Nauru,NRU,2020,Gas,0
Nepal,NPL,2020,Gas,0
Netherlands,NLD,2020,Gas,70745161
New Caledonia,NCL,2020,Gas,0
New Zealand,NZL,2020,Gas,7846811
Nicaragua,NIC,2020,Gas,0
Niger,NER,2020,Gas,0
Nigeria,NGA,2020,Gas,39155061
Niue,NIU,2020,Gas,0
North America,,2020,Gas,2057876727
North America (excl. USA),,2020,Gas,402888435
North Korea,PRK,2020,Gas,0
North Macedonia,MKD,2020,Gas,572621
Norway,NOR,2020,Gas,13306743
Oceania,,2020,Gas,89064401
Oman,OMN,2020,Gas,53163085
Pakistan,PAK,2020,Gas,71688418
Palau,PLW,2020,Gas,0
Palestine,PSE,2020,Gas,0
Panama,PAN,2020,Gas,659261
Panama Canal Zone,,2020,Gas,0
Papua New Guinea,PNG,2020,Gas,1009318
Paraguay,PRY,2020,Gas,0
Peru,PER,2020,Gas,13132972
Philippines,PHL,2020,Gas,7899579
Poland,POL,2020,Gas,36626494
Portugal,PRT,2020,Gas,11864949
Puerto Rico,PRI,2020,Gas,0
Qatar,QAT,2020,Gas,90163522
Reunion,REU,2020,Gas,0
Romania,ROU,2020,Gas,22561796
Russia,RUS,2020,Gas,747590858
Rwanda,RWA,2020,Gas,40874
Ryukyu Islands,,2020,Gas,0
Saint Helena,SHN,2020,Gas,0
Saint Kitts and Nevis,KNA,2020,Gas,0
Saint Lucia,LCA,2020,Gas,0
Saint Pierre and Miquelon,SPM,2020,Gas,0
Saint Vincent and the Grenadines,VCT,2020,Gas,0
Samoa,WSM,2020,Gas,0
Sao Tome and Principe,STP,2020,Gas,0
Saudi Arabia,SAU,2020,Gas,257220261
Senegal,SEN,2020,Gas,23774
Serbia,SRB,2020,Gas,4975958
Seychelles,SYC,2020,Gas,0
Sierra Leone,SLE,2020,Gas,0
Singapore,SGP,2020,Gas,21107206
Sint Maarten (Dutch part),SXM,2020,Gas,0
Slovakia,SVK,2020,Gas,9815822
Slovenia,SVN,2020,Gas,1714088
Solomon Islands,SLB,2020,Gas,0
Somalia,SOM,2020,Gas,0
South Africa,ZAF,2020,Gas,8375703
South America,,2020,Gas,229329818
South Korea,KOR,2020,Gas,114830613
South Sudan,SSD,2020,Gas,0
Spain,ESP,2020,Gas,64131411
Sri Lanka,LKA,2020,Gas,0
St. Kitts-Nevis-Anguilla,,2020,Gas,0
Sudan,SDN,2020,Gas,0
Suriname,SUR,2020,Gas,9040
Sweden,SWE,2020,Gas,1840388
Switzerland,CHE,2020,Gas,6527849
Syria,SYR,2020,Gas,7408219
Taiwan,TWN,2020,Gas,46424545
Tajikistan,TJK,2020,Gas,114473
Tanzania,TZA,2020,Gas,1589999
Thailand,THA,2020,Gas,76122555
Timor,TLS,2020,Gas,0
Togo,TGO,2020,Gas,95094
Tonga,TON,2020,Gas,0
Trinidad and Tobago,TTO,2020,Gas,31135507
Tunisia,TUN,2020,Gas,13056006
Turkey,TUR,2020,Gas,88945504
Turkmenistan,TKM,2020,Gas,53863154
Turks and Caicos Islands,TCA,2020,Gas,0
Tuvalu,TUV,2020,Gas,0
Uganda,UGA,2020,Gas,0
Ukraine,UKR,2020,Gas,62768838
United Arab Emirates,ARE,2020,Gas,115024786
United Kingdom,GBR,2020,Gas,156825264
United States,USA,2020,Gas,1654988292
Upper-middle-income countries,,2020,Gas,2216205067
Uruguay,URY,2020,Gas,93415
Uzbekistan,UZB,2020,Gas,87111753
Vanuatu,VUT,2020,Gas,0
Venezuela,VEN,2020,Gas,24732010
Vietnam,VNM,2020,Gas,16735377
Wallis and Futuna,WLF,2020,Gas,0
World,OWID_WRL,2020,Gas,7399509390
Yemen,YEM,2020,Gas,214731
Zambia,ZMB,2020,Gas,0
Zimbabwe,ZWE,2020,Gas,0
Afghanistan,AFG,2020,Oil,4277487
Africa,,2020,Oil,471445864
Albania,ALB,2020,Oil,3139714
Algeria,DZA,2020,Oil,49330383
Andorra,AND,2020,Oil,466294
Angola,AGO,2020,Oil,11080189
Anguilla,AIA,2020,Oil,123426
Antarctica,ATA,2020,Oil,0
Antigua and Barbuda,ATG,2020,Oil,430410
Argentina,ARG,2020,Oil,61964604
Armenia,ARM,2020,Oil,698067
Aruba,ABW,2020,Oil,753218
Asia,,2020,Oil,4566480146
Asia (excl. China & India),,2020,Oil,2352048777
Australia,AUS,2020,Oil,124605623
Austria,AUT,2020,Oil,30341831
Azerbaijan,AZE,2020,Oil,10561157
Bahamas,BHS,2020,Oil,2329279
Bahrain,BHR,2020,Oil,3606381
Bangladesh,BGD,2020,Oil,17403942
Barbados,BRB,2020,Oil,962093
Belarus,BLR,2020,Oil,16799598
Belgium,BEL,2020,Oil,32579576
Belize,BLZ,2020,Oil,575629
Benin,BEN,2020,Oil,6450718
Bermuda,BMU,2020,Oil,607638
Bhutan,BTN,2020,Oil,601344
Bolivia,BOL,2020,Oil,11402121
Bonaire Sint Eustatius and Saba,BES,2020,Oil,300654
Bosnia and Herzegovina,BIH,2020,Oil,4372802
Botswana,BWA,2020,Oil,2774605
Brazil,BRA,2020,Oil,305511831
British Virgin Islands,VGB,2020,Oil,139250
Brunei,BRN,2020,Oil,1966661
Bulgaria,BGR,2020,Oil,12124673
Burkina Faso,BFA,2020,Oil,3849513
Burundi,BDI,2020,Oil,558912
Cambodia,KHM,2020,Oil,7469528
Cameroon,CMR,2020,Oil,4550456
Canada,CAN,2020,Oil,246354656
Cape Verde,CPV,2020,Oil,549930
Central African Republic,CAF,2020,Oil,187906
Chad,TCD,2020,Oil,776678
Chile,CHL,2020,Oil,43438319
China,CHN,2020,Oil,1611761686
Christmas Island,CXR,2020,Oil,0
Colombia,COL,2020,Oil,36440784
Comoros,COM,2020,Oil,258456
Congo,COG,2020,Oil,1700549
Cook Islands,COK,2020,Oil,79423
Costa Rica,CRI,2020,Oil,7170791
Cote d'Ivoire,CIV,2020,Oil,5823190
Croatia,HRV,2020,Oil,8624301
Cuba,CUB,2020,Oil,17289198
Curacao,CUW,2020,Oil,3218582
Cyprus,CYP,2020,Oil,5624793
Czechia,CZE,2020,Oil,20123272
Democratic Republic of Congo,COD,2020,Oil,1763184
Denmark,DNK,2020,Oil,16638495
Djibouti,DJI,2020,Oil,277841
Dominica,DMA,2020,Oil,139250
Dominican Republic,DOM,2020,Oil,15703642
Ecuador,ECU,2020,Oil,26315940
Egypt,EGY,2020,Oil,95330402
El Salvador,SLV,2020,Oil,5731719
Equatorial Guinea,GNQ,2020,Oil,930135
Eritrea,ERI,2020,Oil,613834
Estonia,EST,2020,Oil,3117693
Eswatini,SWZ,2020,Oil,825445
Ethiopia,ETH,2020,Oil,9608116
Europe,,2020,Oil,1770029228
Europe (excl. EU-27),,2020,Oil,652703730
Europe (excl. EU-28),,2020,Oil,514857554
European Union (27),,2020,Oil,1117325498
European Union (28),,2020,Oil,1255171674
Faeroe Islands,FRO,2020,Oil,683898
Fiji,FJI,2020,Oil,1338842
Finland,FIN,2020,Oil,20211944
France,FRA,2020,Oil,161334743
French Equatorial Africa,,2020,Oil,0
French Guiana,GUF,2020,Oil,728379
French Polynesia,PYF,2020,Oil,828267
French West Africa,,2020,Oil,0
Gabon,GAB,2020,Oil,1763184
Gambia,GMB,2020,Oil,495950
Georgia,GEO,2020,Oil,3222610
Germany,DEU,2020,Oil,250681445
Ghana,GHA,2020,Oil,10802928
Greece,GRC,2020,Oil,27834004
Greenland,GRL,2020,Oil,514413
Grenada,GRD,2020,Oil,294834
Guadeloupe,GLP,2020,Oil,2093042
Guatemala,GTM,2020,Oil,12025027
Guinea,GIN,2020,Oil,3394049
Guinea-Bissau,GNB,2020,Oil,286774
Guyana,GUY,2020,Oil,2051021
Haiti,HTI,2020,Oil,2841973
High-income countries,,2020,Oil,4823552663
Honduras,HND,2020,Oil,8894167
Hong Kong,HKG,2020,Oil,7756081
Hungary,HUN,2020,Oil,18419549
Iceland,ISL,2020,Oil,2081028
India,IND,2020,Oil,602669683
Indonesia,IDN,2020,Oil,165610156
International transport,,2020,Oil,1004232513
Iran,IRN,2020,Oil,221591780
Iraq,IRQ,2020,Oil,131592511
Ireland,IRL,2020,Oil,16786844
Israel,ISR,2020,Oil,19763108
Italy,ITA,2020,Oil,127437789
Jamaica,JAM,2020,Oil,6307408
Japan,JPN,2020,Oil,377381559
Jordan,JOR,2020,Oil,14518916
Kazakhstan,KAZ,2020,Oil,50159345
Kenya,KEN,2020,Oil,12341292
Kiribati,KIR,2020,Oil,68077
Kosovo,OWID_KOS,2020,Oil,2027516
Kuwait,KWT,2020,Oil,44186166
Kuwaiti Oil Fires,,2020,Oil,0
Kyrgyzstan,KGZ,2020,Oil,5278742
Laos,LAO,2020,Oil,3146657
Latvia,LVA,2020,Oil,3979376
Lebanon,LBN,2020,Oil,23024803
Leeward Islands,,2020,Oil,0
Lesotho,LSO,2020,Oil,652032
Liberia,LBR,2020,Oil,887311
Libya,LBY,2020,Oil,22599643
Liechtenstein,LIE,2020,Oil,91154
Lithuania,LTU,2020,Oil,7857764
Low-income countries,,2020,Oil,97254431
Lower-middle-income countries,,2020,Oil,1689959138
Luxembourg,LUX,2020,Oil,5952099
Macao,MAC,2020,Oil,1070317
Madagascar,MDG,2020,Oil,2290570
Malawi,MWI,2020,Oil,1098440
Malaysia,MYS,2020,Oil,77115119
Maldives,MDV,2020,Oil,1796469
Mali,MLI,2020,Oil,3134266
Malta,MLT,2020,Oil,892717
Marshall Islands,MHL,2020,Oil,151282
Martinique,MTQ,2020,Oil,2348393
Mauritania,MRT,2020,Oil,3377180
Mauritius,MUS,2020,Oil,2484412
Mayotte,MYT,2020,Oil,305584
Mexico,MEX,2020,Oil,172189279
Micronesia (country),FSM,2020,Oil,147500
Moldova,MDA,2020,Oil,2248639
Mongolia,MNG,2020,Oil,4417422
Montenegro,MNE,2020,Oil,922226
Montserrat,MSR,2020,Oil,25318
Morocco,MAR,2020,Oil,33097164
Mozambique,MOZ,2020,Oil,3702388
Myanmar,MMR,2020,Oil,19806542
Namibia,NAM,2020,Oil,3450915
Nauru,NRU,2020,Oil,56731
Nepal,NPL,2020,Oil,7287991
Netherlands,NLD,2020,Oil,48409391
New Caledonia,NCL,2020,Oil,2889478
New Zealand,NZL,2020,Oil,17727127
Nicaragua,NIC,2020,Oil,4720858
Niger,NER,2020,Oil,1329280
Nigeria,NGA,2020,Oil,62715685
Niue,NIU,2020,Oil,11346
North America,,2020,Oil,2549140233
North America (excl. USA),,2020,Oil,528602526
North Korea,PRK,2020,Oil,3002940
North Macedonia,MKD,2020,Oil,2835452
Norway,NOR,2020,Oil,21111883
Oceania,,2020,Oil,154669765
Oman,OMN,2020,Oil,3844477
Pakistan,PAK,2020,Oil,88688382
Palau,PLW,2020,Oil,219358
Palestine,PSE,2020,Oil,2898754
Panama,PAN,2020,Oil,8659002
Panama Canal Zone,,2020,Oil,0
Papua New Guinea,PNG,2020,Oil,5642803
Paraguay,PRY,2020,Oil,7154272
Peru,PER,2020,Oil,25812425
Philippines,PHL,2020,Oil,49172455
Poland,POL,2020,Oil,85228164
Portugal,PRT,2020,Oil,21924386
Puerto Rico,PRI,2020,Oil,0
Qatar,QAT,2020,Oil,13032160
Reunion,REU,2020,Oil,2482348
Romania,ROU,2020,Oil,30374912
Russia,RUS,2020,Oil,388774194
Rwanda,RWA,2020,Oil,839983
Ryukyu Islands,,2020,Oil,0
Saint Helena,SHN,2020,Oil,9494
Saint Kitts and Nevis,KNA,2020,Oil,212040
Saint Lucia,LCA,2020,Oil,439905
Saint Pierre and Miquelon,SPM,2020,Oil,50636
Saint Vincent and the Grenadines,VCT,2020,Oil,208876
Samoa,WSM,2020,Oil,245833
Sao Tome and Principe,STP,2020,Oil,112744
Saudi Arabia,SAU,2020,Oil,342599451
Senegal,SEN,2020,Oil,6400111
Serbia,SRB,2020,Oil,8452012
Seychelles,SYC,2020,Oil,491067
Sierra Leone,SLE,2020,Oil,877190
Singapore,SGP,2020,Oil,22345247
Sint Maarten (Dutch part),SXM,2020,Oil,623462
Slovakia,SVK,2020,Oil,9962153
Slovenia,SVN,2020,Oil,5646537
Solomon Islands,SLB,2020,Oil,298781
Somalia,SOM,2020,Oil,562143
South Africa,ZAF,2020,Oil,43526399
South America,,2020,Oil,556503154
South Korea,KOR,2020,Oil,166716560
South Sudan,SSD,2020,Oil,1179207
Spain,ESP,2020,Oil,118200733
Sri Lanka,LKA,2020,Oil,13343767
St. Kitts-Nevis-Anguilla,,2020,Oil,0
Sudan,SDN,2020,Oil,17303655
Suriname,SUR,2020,Oil,2203308
Sweden,SWE,2020,Oil,27016314
Switzerland,CHE,2020,Oil,23401217
Syria,SYR,2020,Oil,20891147
Taiwan,TWN,2020,Oil,66328347
Tajikistan,TJK,2020,Oil,2467943
Tanzania,TZA,2020,Oil,6128647
Thailand,THA,2020,Oil,111538791
Timor,TLS,2020,Oil,525704
Togo,TGO,2020,Oil,1228065
Tonga,TON,2020,Oil,143718
Trinidad and Tobago,TTO,2020,Oil,4121912
Tunisia,TUN,2020,Oil,11670622
Turkey,TUR,2020,Oil,105908494
Turkmenistan,TKM,2020,Oil,20024428
Turks and Caicos Islands,TCA,2020,Oil,202546
Tuvalu,TUV,2020,Oil,7564
Uganda,UGA,2020,Oil,4519756
Ukraine,UKR,2020,Oil,37449927
United Arab Emirates,ARE,2020,Oil,15576670
United Kingdom,GBR,2020,Oil,137846176
United States,USA,2020,Oil,2020537707
Upper-middle-income countries,,2020,Oil,3421046230
Uruguay,URY,2020,Oil,5424027
Uzbekistan,UZB,2020,Oil,10791874
Vanuatu,VUT,2020,Oil,181538
Venezuela,VEN,2020,Oil,28056123
Vietnam,VNM,2020,Oil,58444638
Wallis and Futuna,WLF,2020,Oil,26474
World,OWID_WRL,2020,Oil,11072500907
Yemen,YEM,2020,Oil,8595687
Zambia,ZMB,2020,Oil,3088554
Zimbabwe,ZWE,2020,Oil,3576390
Afghanistan,AFG,2020,Coal,7507941
Africa,,2020,Coal,446097038
Albania,ALB,2020,Coal,461364
Algeria,DZA,2020,Coal,1098606
Andorra,AND,2020,Coal,0
Angola,AGO,2020,Coal,0
Anguilla,AIA,2020,Coal,0
Antarctica,ATA,2020,Coal,0
Antigua and Barbuda,ATG,2020,Coal,0
Argentina,ARG,2020,Coal,2815605
Armenia,ARM,2020,Coal,4359
Aruba,ABW,2020,Coal,0
Asia,,2020,Coal,11139156291
Asia (excl. China & India),,2020,Coal,2130503354
Australia,AUS,2020,Coal,159817374
Austria,AUT,2020,Coal,10205193
Azerbaijan,AZE,2020,Coal,3664
Bahamas,BHS,2020,Coal,8405
Bahrain,BHR,2020,Coal,0
Bangladesh,BGD,2020,Coal,14750640
Barbados,BRB,2020,Coal,0
Belarus,BLR,2020,Coal,3378951
Belgium,BEL,2020,Coal,10901707
Belize,BLZ,2020,Coal,0
Benin,BEN,2020,Coal,0
Bermuda,BMU,2020,Coal,16810
Bhutan,BTN,2020,Coal,965307
Bolivia,BOL,2020,Coal,14597
Bonaire Sint Eustatius and Saba,BES,2020,Coal,0
Bosnia and Herzegovina,BIH,2020,Coal,16201375
Botswana,BWA,2020,Coal,3738129
Brazil,BRA,2020,Coal,55445998
British Virgin Islands,VGB,2020,Coal,0
Brunei,BRN,2020,Coal,0
Bulgaria,BGR,2020,Coal,16762141
Burkina Faso,BFA,2020,Coal,0
Burundi,BDI,2020,Coal,16144
Cambodia,KHM,2020,Coal,4540516
Cameroon,CMR,2020,Coal,0
Canada,CAN,2020,Coal,45117556
Cape Verde,CPV,2020,Coal,0
Central African Republic,CAF,2020,Coal,0
Chad,TCD,2020,Coal,0
Chile,CHL,2020,Coal,26081550
China,CHN,2020,Coal,7421100770
Christmas Island,CXR,2020,Coal,0
Colombia,COL,2020,Coal,21681803
Comoros,COM,2020,Coal,0
Congo,COG,2020,Coal,0
Cook Islands,COK,2020,Coal,0
Costa Rica,CRI,2020,Coal,0
Cote d'Ivoire,CIV,2020,Coal,0
Croatia,HRV,2020,Coal,1390108
Cuba,CUB,2020,Coal,33620
Curacao,CUW,2020,Coal,0
Cyprus,CYP,2020,Coal,56757
Czechia,CZE,2020,Coal,46843521
Democratic Republic of Congo,COD,2020,Coal,0
Denmark,DNK,2020,Coal,3082566
Djibouti,DJI,2020,Coal,0
Dominica,DMA,2020,Coal,0
Dominican Republic,DOM,2020,Coal,7539255
Ecuador,ECU,2020,Coal,0
Egypt,EGY,2020,Coal,378985
El Salvador,SLV,2020,Coal,4314
Equatorial Guinea,GNQ,2020,Coal,0
Eritrea,ERI,2020,Coal,0
Estonia,EST,2020,Coal,6126367
Eswatini,SWZ,2020,Coal,130331
Ethiopia,ETH,2020,Coal,1452972
Europe,,2020,Coal,1146776274
Europe (excl. EU-27),,2020,Coal,548955406
Europe (excl. EU-28),,2020,Coal,526308928
European Union (27),,2020,Coal,597820868
European Union (28),,2020,Coal,620467346
Faeroe Islands,FRO,2020,Coal,0
Fiji,FJI,2020,Coal,0
Finland,FIN,2020,Coal,13693366
France,FRA,2020,Coal,21254257
French Equatorial Africa,,2020,Coal,0
French Guiana,GUF,2020,Coal,0
French Polynesia,PYF,2020,Coal,0
French West Africa,,2020,Coal,0
Gabon,GAB,2020,Coal,0
Gambia,GMB,2020,Coal,0
Georgia,GEO,2020,Coal,1176656
Germany,DEU,2020,Coal,199077067
Ghana,GHA,2020,Coal,0
Greece,GRC,2020,Coal,9459461
Greenland,GRL,2020,Coal,0
Grenada,GRD,2020,Coal,0
Guadeloupe,GLP,2020,Coal,468841
Guatemala,GTM,2020,Coal,5439685
Guinea,GIN,2020,Coal,0
Guinea-Bissau,GNB,2020,Coal,0
Guyana,GUY,2020,Coal,0
Haiti,HTI,2020,Coal,0
High-income countries,,2020,Coal,2607079506
Honduras,HND,2020,Coal,0
Hong Kong,HKG,2020,Coal,12789088
Hungary,HUN,2020,Coal,7657422
Iceland,ISL,2020,Coal,685027
India,IND,2020,Coal,1587552167
Indonesia,IDN,2020,Coal,300517866
International transport,,2020,Coal,0
Iran,IRN,2020,Coal,5113991
Iraq,IRQ,2020,Coal,0
Ireland,IRL,2020,Coal,3344774
Israel,ISR,2020,Coal,15405597
Italy,ITA,2020,Coal,22703943
Jamaica,JAM,2020,Coal,529513
Japan,JPN,2020,Coal,402978629
Jordan,JOR,2020,Coal,639258
Kazakhstan,KAZ,2020,Coal,171630015
Kenya,KEN,2020,Coal,1620871
Kiribati,KIR,2020,Coal,0
Kosovo,OWID_KOS,2020,Coal,5529211
Kuwait,KWT,2020,Coal,0
Kuwaiti Oil Fires,,2020,Coal,0
Kyrgyzstan,KGZ,2020,Coal,4807975
Laos,LAO,2020,Coal,29173712
Latvia,LVA,2020,Coal,93236
Lebanon,LBN,2020,Coal,506080
Leeward Islands,,2020,Coal,0
Lesotho,LSO,2020,Coal,1531389
Liberia,LBR,2020,Coal,0
Libya,LBY,2020,Coal,0
Liechtenstein,LIE,2020,Coal,0
Lithuania,LTU,2020,Coal,627217
Low-income countries,,2020,Coal,34886507
Lower-middle-income countries,,2020,Coal,2464794127
Luxembourg,LUX,2020,Coal,267772
Macao,MAC,2020,Coal,0
Madagascar,MDG,2020,Coal,1307674
Malawi,MWI,2020,Coal,206645
Malaysia,MYS,2020,Coal,102608155
Maldives,MDV,2020,Coal,0
Mali,MLI,2020,Coal,0
Malta,MLT,2020,Coal,9
Marshall Islands,MHL,2020,Coal,0
Martinique,MTQ,2020,Coal,0
Mauritania,MRT,2020,Coal,0
Mauritius,MUS,2020,Coal,1494946
Mayotte,MYT,2020,Coal,0
Mexico,MEX,2020,Coal,16936447
Micronesia (country),FSM,2020,Coal,0
Moldova,MDA,2020,Coal,366156
Mongolia,MNG,2020,Coal,83609856
Montenegro,MNE,2020,Coal,1387667
Montserrat,MSR,2020,Coal,0
Morocco,MAR,2020,Coal,24316171
Mozambique,MOZ,2020,Coal,103322
Myanmar,MMR,2020,Coal,4826533
Namibia,NAM,2020,Coal,20734
Nauru,NRU,2020,Coal,0
Nepal,NPL,2020,Coal,6235166
Netherlands,NLD,2020,Coal,16722596
New Caledonia,NCL,2020,Coal,5770389
New Zealand,NZL,2020,Coal,5713609
Nicaragua,NIC,2020,Coal,0
Niger,NER,2020,Coal,340994
Nigeria,NGA,2020,Coal,106365
Niue,NIU,2020,Coal,0
North America,,2020,Coal,965429731
North America (excl. USA),,2020,Coal,76780338
North Korea,PRK,2020,Coal,23675039
North Macedonia,MKD,2020,Coal,3379364
Norway,NOR,2020,Coal,4082839
Oceania,,2020,Coal,171301372
Oman,OMN,2020,Coal,0
Pakistan,PAK,2020,Coal,58769995
Palau,PLW,2020,Coal,0
Palestine,PSE,2020,Coal,0
Panama,PAN,2020,Coal,685892
Panama Canal Zone,,2020,Coal,0
Papua New Guinea,PNG,2020,Coal,0
Paraguay,PRY,2020,Coal,7299
Peru,PER,2020,Coal,1238699
Philippines,PHL,2020,Coal,68993835
Poland,POL,2020,Coal,160834185
Portugal,PRT,2020,Coal,2333610
Puerto Rico,PRI,2020,Coal,0
Qatar,QAT,2020,Coal,0
Reunion,REU,2020,Coal,2105600
Romania,ROU,2020,Coal,12942650
Russia,RUS,2020,Coal,356945515
Rwanda,RWA,2020,Coal,6458
Ryukyu Islands,,2020,Coal,0
Saint Helena,SHN,2020,Coal,0
Saint Kitts and Nevis,KNA,2020,Coal,0
Saint Lucia,LCA,2020,Coal,0
Saint Pierre and Miquelon,SPM,2020,Coal,0
Saint Vincent and the Grenadines,VCT,2020,Coal,0
Samoa,WSM,2020,Coal,0
Sao Tome and Principe,STP,2020,Coal,0
Saudi Arabia,SAU,2020,Coal,0
Senegal,SEN,2020,Coal,1930213
Serbia,SRB,2020,Coal,28897818
Seychelles,SYC,2020,Coal,0
Sierra Leone,SLE,2020,Coal,0
Singapore,SGP,2020,Coal,2051451
Sint Maarten (Dutch part),SXM,2020,Coal,0
Slovakia,SVK,2020,Coal,8636338
Slovenia,SVN,2020,Coal,4494270
Solomon Islands,SLB,2020,Coal,0
Somalia,SOM,2020,Coal,0
South Africa,ZAF,2020,Coal,394045517
South America,,2020,Coal,107337556
South Korea,KOR,2020,Coal,282883413
South Sudan,SSD,2020,Coal,0
Spain,ESP,2020,Coal,10943267
Sri Lanka,LKA,2020,Coal,6677945
St. Kitts-Nevis-Anguilla,,2020,Coal,0
Sudan,SDN,2020,Coal,0
Suriname,SUR,2020,Coal,0
Sweden,SWE,2020,Coal,7367068
Switzerland,CHE,2020,Coal,434310
Syria,SYR,2020,Coal,2960
Taiwan,TWN,2020,Coal,154018761
Tajikistan,TJK,2020,Coal,4986693
Tanzania,TZA,2020,Coal,1469116
Thailand,THA,2020,Coal,55013129
Timor,TLS,2020,Coal,0
Togo,TGO,2020,Coal,0
Tonga,TON,2020,Coal,0
Trinidad and Tobago,TTO,2020,Coal,0
Tunisia,TUN,2020,Coal,0
Turkey,TUR,2020,Coal,156126669
Turkmenistan,TKM,2020,Coal,0
Turks and Caicos Islands,TCA,2020,Coal,0
Tuvalu,TUV,2020,Coal,0
Uganda,UGA,2020,Coal,0
Ukraine,UKR,2020,Coal,104559331
United Arab Emirates,ARE,2020,Coal,9810317
United Kingdom,GBR,2020,Coal,22646478
United States,USA,2020,Coal,888649393
Upper-middle-income countries,,2020,Coal,8866714109
Uruguay,URY,2020,Coal,2433
Uzbekistan,UZB,2020,Coal,11350886
Vanuatu,VUT,2020,Coal,0
Venezuela,VEN,2020,Coal,49572
Vietnam,VNM,2020,Coal,126084899
Wallis and Futuna,WLF,2020,Coal,0
World,OWID_WRL,2020,Coal,13976098260
Yemen,YEM,2020,Coal,266358
Zambia,ZMB,2020,Coal,2418391
Zimbabwe,ZWE,2020,Coal,6257465
